[
    {
        "title": "Alborz",
        "id": "IR-32"
    },
    {
        "title": "Kerman",
        "id": "IR-15"
    },
    {
        "title": "Sistan and Baluchestan",
        "id": "IR-13"
    },
    {
        "title": "North Khorasan",
        "id": "IR-31"
    },
    {
        "title": "Razavi Khorasan",
        "id": "IR-30"
    },
    {
        "title": "South Khorasan",
        "id": "IR-29"
    },
    {
        "title": "Kordestan",
        "id": "IR-16"
    },
    {
        "title": "Gilan",
        "id": "IR-19"
    },
    {
        "title": "Kermanshah",
        "id": "IR-17"
    },
    {
        "title": "East Azarbaijan",
        "id": "IR-01"
    },
    {
        "title": "West Azarbaijan",
        "id": "IR-02"
    },
    {
        "title": "Qazvin",
        "id": "IR-28"
    },
    {
        "title": "Zanjan",
        "id": "IR-11"
    },
    {
        "title": "Hamadan",
        "id": "IR-24"
    },
    {
        "title": "Qom",
        "id": "IR-26"
    },
    {
        "title": "Markazi",
        "id": "IR-22"
    },
    {
        "title": "Ardebil",
        "id": "IR-03"
    },
    {
        "title": "Hormozgan",
        "id": "IR-23"
    },
    {
        "title": "Ilam",
        "id": "IR-05"
    },
    {
        "title": "Lorestan",
        "id": "IR-20"
    },
    {
        "title": "Khuzestan",
        "id": "IR-10"
    },
    {
        "title": "Chahar Mahall and Bakhtiari",
        "id": "IR-08"
    },
    {
        "title": "Yazd",
        "id": "IR-25"
    },
    {
        "title": "Tehran",
        "id": "IR-07"
    },
    {
        "title": "Semnan",
        "id": "IR-12"
    },
    {
        "title": "Mazandaran",
        "id": "IR-21"
    },
    {
        "title": "Golestan",
        "id": "IR-27"
    },
    {
        "title": "Fars",
        "id": "IR-14"
    },
    {
        "title": "Esfahan",
        "id": "IR-04"
    },
    {
        "title": "Bushehr",
        "id": "IR-06"
    },
    {
        "title": "Kohgiluyeh and Buyer Ahmad",
        "id": "IR-18"
    }
]